end_site	Count
1630	387024
1407	26
1595	1251
1624	10643
1154	5334
1606	947
1614	27462
724	49
1373	4914
549	61
1629	44291
1628	24069
629	254
765	55
1034	2006
1621	1184
1369	17
1361	465
1113	44
1613	1797
930	27
1367	399
1437	52
1522	223
961	8
624	14
880	201
1242	17
139	414
489	54
1281	142
622	1081
1185	63
1601	209
733	314
1504	49
536	5479
1567	14
1279	182
1457	36
1625	9301
1302	31
804	40
1255	46
1187	44
568	26
684	17
1280	2392
757	328
1627	7639
627	54
817	3122
484	83
1189	47
1612	2925
1047	15
1229	77
1615	622
1466	47
1056	36
1037	2318
1588	444
1502	59
783	30
1008	12
1378	2379
812	79
1608	836
1412	16
789	19
543	41
1463	58
1327	81
1626	13493
931	107
1272	42
1444	37
1359	88
981	59
1116	125
1256	55
722	25
1559	50
1556	247
1266	43
1505	32
758	227
1605	714
674	107
1181	33
564	107
1408	1628
1271	33
1594	780
1246	24
1277	167
1251	17
1228	81
530	96
1158	228
1587	393
1097	33
1053	29
796	104
1223	41
1190	35
488	29
726	65
927	15
753	25
534	68
728	111
1221	41
1592	614
1523	212
1018	129
1446	80
683	22
1030	158
528	182
723	39
1375	238
1560	44
1151	107
1240	38
1487	65
1501	66
1000	115
863	360
1611	3553
1341	51
1607	1135
1104	204
1623	1793
957	188
569	43
134	36
883	2
978	16
949	13
698	175
1521	56
992	26
1137	50
552	228
1045	48
784	92
527	97
1376	89
1473	36
1494	40
974	22
1083	23
1099	40
517	63
570	27
969	15
1609	3739
847	17
1224	25
1565	562
1585	305
887	455
1254	71
1029	77
660	34
725	87
1358	40
1226	37
1274	56
886	21
1278	215
1557	126
1616	174
1227	47
560	3
1462	94
1208	32
1066	37
807	117
1610	245
1184	46
1619	103
1360	62
1088	24
553	68
639	27
1604	127
1484	69
727	100
1381	10
926	12
915	73
1420	50
1348	45
1117	10
1481	97
515	23
1600	57
1132	28
1054	48
1198	15
1310	67
993	247
1173	19
943	36
1618	272
1273	65
1159	32
1321	101
1593	273
829	78
1599	368
1397	92
1499	64
756	33
1331	32
1479	35
766	206
691	28
1546	108
1304	18
1598	248
1403	20
846	50
965	34
1093	19
830	45
1603	322
1496	57
763	5
1101	19
562	117
1508	74
613	31
939	45
1580	371
370	2
668	11
750	24
286	280
1082	38
1146	219
1492	47
1163	156
1590	139
1222	45
529	76
1558	120
583	36
1459	52
1314	32
1220	21
1447	48
1305	82
1316	83
831	25
1180	33
1439	59
1583	209
679	45
1270	40
1152	155
1354	42
1317	40
1322	76
834	55
1052	22
720	17
975	49
1495	28
878	24
1196	36
573	98
1230	11
692	48
1584	611
1258	23
1577	88
815	49
1336	23
973	10
1542	61
824	28
1482	66
387	1
717	49
1237	35
885	87
813	21
1596	374
1323	137
1468	40
1326	3
1377	68
520	56
235	10
574	35
700	125
814	182
776	77
1427	29
1537	65
1188	50
1527	13
1497	20
1079	29
752	58
1016	36
1418	37
1171	36
512	31
636	30
1267	26
516	37
1301	65
794	21
1145	26
531	100
1153	94
1027	109
535	160
853	8
590	9
1529	25
628	40
537	72
1276	72
571	6
790	14
1200	30
966	57
1549	58
1431	16
1622	668
1493	45
1264	43
1345	43
954	48
958	5
1265	41
1346	39
1564	82
1262	54
1552	58
1515	39
1269	45
540	60
506	37
661	28
1602	261
952	53
1235	23
645	25
1475	25
1102	14
864	31
1217	32
1115	54
833	45
1063	16
1460	47
982	34
941	17
935	31
1017	21
1576	141
518	43
968	20
1268	49
697	55
1025	67
1091	42
1597	164
1225	28
798	12
719	21
1544	126
1454	56
1563	94
1207	46
498	14
1562	45
1620	66
832	41
1554	97
1490	59
646	133
889	47
1498	75
1020	31
1247	30
1125	17
1416	37
1058	70
1062	62
618	23
1031	200
1155	201
1474	43
477	8
859	22
1160	32
1442	58
1561	42
1036	55
1586	301
1545	249
511	36
541	66
1535	72
1353	50
1095	25
800	20
1472	40
1436	34
1038	125
1421	47
561	50
1157	16
1078	27
501	23
281	46
1528	90
615	14
1127	85
1161	104
1144	44
755	25
1263	14
671	17
1211	31
1143	32
466	14
1203	18
1087	23
1275	41
1414	40
1176	44
533	97
591	13
666	16
715	31
1433	29
854	15
581	12
1060	30
1417	21
1517	64
283	20
1555	162
525	42
1215	36
694	31
1589	288
948	14
673	34
1204	25
1080	27
1366	131
849	6
1108	15
1142	38
662	14
685	40
716	31
710	12
1070	45
938	34
805	32
1131	8
532	91
201	5
708	48
1578	127
1170	40
960	33
1372	111
1451	60
502	34
1201	68
1338	10
682	29
1344	31
1182	48
589	14
946	19
1084	23
176	4
1111	1
612	14
538	51
1543	56
1019	16
1064	7
937	31
1510	51
888	14
1471	49
1352	50
1259	77
1324	7
806	90
1349	67
607	147
861	22
472	5
1356	69
588	16
1402	29
172	4
844	21
1519	70
638	27
1566	17
1443	101
1192	61
1177	22
503	13
1010	26
1438	35
514	25
604	23
494	35
1582	271
1409	20
544	70
721	27
1404	35
1514	87
1456	44
1441	36
1289	4
1026	151
1470	37
643	38
1260	31
977	37
546	35
1335	25
206	8
987	70
986	59
1434	28
819	72
1371	14
1033	34
1183	52
942	17
572	23
816	127
1553	52
695	55
1551	48
519	97
1357	30
1306	4
296	10
693	26
972	22
524	60
247	1
732	26
1077	18
1089	30
480	14
1055	34
1085	17
1541	80
718	51
545	56
1218	25
1432	26
595	17
1065	4
1257	53
637	35
640	29
171	2
1172	28
1511	19
1044	35
1368	8
1591	171
659	14
1480	62
1334	9
928	23
991	18
1149	13
1048	17
754	42
688	29
1374	73
1500	40
654	17
1216	44
989	19
1022	20
580	9
1015	55
619	21
1096	32
1573	53
1140	27
1538	29
641	22
625	27
1391	46
1333	8
1236	35
471	8
780	7
1476	21
822	18
1488	50
521	48
1032	225
313	1
762	13
761	6
1294	11
689	14
1449	43
1059	21
850	18
944	13
860	27
550	31
473	5
955	27
482	34
490	11
678	21
548	26
475	7
340	4
983	13
557	27
1244	10
215	6
1347	52
967	24
1199	39
1617	56
1136	39
620	13
953	43
749	20
1435	61
803	49
1209	39
1401	38
653	24
936	33
1042	56
1009	19
510	24
1579	159
183	6
582	11
1445	34
1114	25
985	25
1098	37
513	21
1550	103
1477	30
1213	33
642	23
1429	34
1452	41
1483	62
1057	35
875	3
713	17
1186	74
1092	39
680	27
1134	35
1520	36
1249	21
522	32
1351	40
1214	27
656	30
1050	28
892	15
1138	29
1312	2
971	23
1469	32
1241	18
980	14
851	16
1547	47
802	36
1261	31
808	17
1448	60
1411	21
1298	15
1118	6
626	21
1503	28
686	46
845	10
348	2
823	66
563	23
657	24
1195	20
617	15
1486	102
1419	19
1109	8
1300	37
884	9
256	3
696	48
951	30
1174	29
505	30
431	12
1014	27
169	4
793	17
734	10
1406	9
438	10
956	28
976	39
663	19
1513	49
1415	14
1539	46
1191	30
1489	30
1139	21
1536	55
811	37
1296	1
495	38
1202	22
1287	10
1061	18
748	8
1410	23
690	21
1135	36
492	8
842	6
1458	18
481	18
644	15
1405	36
504	13
483	15
621	31
1094	19
1548	50
984	22
929	19
1299	12
1355	34
858	19
222	5
945	25
1179	26
1426	41
970	11
1315	18
292	1
826	36
809	14
1043	18
687	33
1384	50
925	6
1572	38
1205	34
610	18
1340	13
1518	40
1028	22
1075	37
1531	23
496	30
1081	28
287	15
1478	35
1252	18
792	10
603	18
1103	25
499	12
117	2
848	9
1509	22
1141	29
670	42
1210	20
262	2
648	7
828	11
940	20
1090	30
751	42
658	20
1245	11
551	31
855	22
593	12
1464	45
1362	47
1231	8
933	4
1100	19
542	51
1319	3
121	2
810	6
1428	38
1455	30
1491	40
223	7
616	6
1253	24
1413	47
596	5
578	7
1425	25
1166	5
606	22
664	20
711	9
1337	44
1343	19
1465	42
1325	5
862	22
1507	29
497	20
1150	52
714	24
598	62
1329	8
655	21
1461	52
1234	14
1485	51
932	1
1123	11
413	2
324	2
1422	33
1147	19
1342	21
1178	34
1051	23
990	26
1581	273
326	3
1023	34
1086	14
1248	32
745	6
1364	13
1530	33
325	1
1288	4
994	5
452	4
770	19
1440	15
1467	23
801	23
856	24
1309	26
1430	19
825	6
772	1
1303	23
681	40
234	13
1238	45
877	10
1574	75
463	9
1250	13
602	7
699	14
1392	15
1162	26
1175	17
1506	32
857	21
1126	22
1396	13
539	42
1533	51
1156	24
623	25
1365	42
1024	21
1239	32
1233	23
1575	75
526	39
1046	11
788	20
547	23
344	7
1133	35
1206	38
769	1
1012	24
843	14
891	2
611	15
507	18
1320	10
285	5
417	1
1540	43
1568	1
122	5
1193	27
1450	46
1194	15
1512	19
979	15
493	8
1534	24
1007	13
665	25
744	3
290	2
1167	2
764	6
1332	15
1219	32
1387	3
1350	30
508	23
592	8
605	11
1453	30
609	9
599	1
1112	11
1516	32
712	16
1069	9
523	23
1071	18
879	27
1311	6
236	6
1148	3
795	15
1532	33
208	1
244	2
1390	12
1308	2
403	4
962	5
1297	8
614	26
597	7
1197	22
479	9
429	2
1041	6
950	22
394	2
821	11
1049	15
1328	4
1013	37
827	7
454	5
491	7
1339	19
138	6
460	4
1424	20
900	3
509	19
707	3
1313	7
220	11
947	9
818	34
1526	9
384	3
1106	2
1212	21
874	1
216	5
192	1
401	3
820	8
427	5
209	5
432	2
261	8
319	4
1011	15
329	2
485	3
737	2
478	7
300	1
260	9
1423	19
672	12
1524	36
500	10
227	5
1243	19
421	3
852	13
1380	3
1124	12
791	6
1165	2
890	7
420	4
988	16
224	1
455	3
1286	3
1035	80
217	1
799	4
841	3
375	3
133	4
422	2
704	1
1525	10
729	3
1164	6
575	1
746	8
396	1
768	5
152	2
474	4
459	2
913	10
444	1
555	2
1067	9
267	1
280	4
608	9
435	3
964	7
423	3
1379	1
127	6
464	9
476	11
371	1
259	4
430	2
461	5
1363	42
402	1
914	3
876	4
204	4
136	1
669	7
1068	4
667	4
399	1
332	2
705	3
194	1
178	1
1285	6
226	1
1290	3
207	1
282	8
205	2
1110	3
246	3
1039	7
393	2
1295	2
277	5
1370	2
771	2
330	1
398	2
1382	8
647	4
1076	9
747	3
163	3
782	1
873	1
356	1
865	5
594	3
587	7
318	4
252	1
1395	4
373	3
321	2
148	2
918	1
797	5
118	4
785	6
565	3
1232	4
248	1
706	6
1040	8
230	3
917	1
457	1
767	6
558	1
213	4
458	4
1293	1
701	2
390	1
1107	2
404	1
254	1
279	11
1393	3
735	3
487	1
1073	1
191	2
229	3
342	1
182	1
214	2
675	1
468	1
1291	1
1169	1
225	2
1318	1
959	4
297	2
408	1
251	1
405	1
284	4
193	2
276	2
1168	3
301	1
298	1
131	1
414	2
774	1
469	1
585	3
135	1
165	2
447	3
445	3
310	1
106	1
128	4
407	1
258	1
270	2
195	2
786	2
120	2
154	2
554	2
1398	2
228	2
278	2
125	2
263	1
156	1
116	1
299	1
1570	4
773	1
1105	2
1569	4
1121	3
1002	2
1389	7
412	2
577	1
240	2
434	1
470	2
341	1
760	2
119	1
837	1
456	2
343	1
164	1
1571	5
451	1
1394	2
881	1
650	2
579	1
126	4
1001	4
238	1
129	2
241	1
567	1
142	1
410	1
467	1
269	3
161	1
155	1
336	1
601	1
1388	2
275	3
202	1
415	2
759	2
465	2
249	1
274	4
337	1
212	1
143	1
111	1
141	1
203	1
177	2
218	1
419	1
1074	1
742	1
112	1
462	1
709	2
436	2
442	1
1129	1
107	1
1021	1
566	1
233	1
288	2
162	1
361	1
273	1
199	1
253	1
158	1
411	1
838	1
363	1
132	1
995	1
486	1
702	1
437	2
730	1
170	1
395	1
1385	1
1292	1
428	1
449	1
1399	1
